{"cameraMode":{"drawMode":0,"name":"Shaded","section":"Shading Mode"},"sceneLighting":true,"audioPlay":false,"sceneViewState":{"m_AlwaysRefresh":false,"showFog":true,"showSkybox":true,"showFlares":true,"showImageEffects":true,"showParticleSystems":true,"showVisualEffectGraphs":true,"m_FxEnabled":true},"in2DMode":false,"pivot":{"x":0.5043588280677795,"y":-1.390547513961792,"z":10.309354782104493},"rotation":{"x":0.10951495170593262,"y":-0.037271443754434589,"z":0.0041104587726294998,"w":0.9933133721351624},"size":13.85845947265625,"orthographic":true}